osmid,y,x
245662490,19.0333093,72.8886138
245663765,19.0455324,72.9140531
245663817,19.045855,72.9051082
245663877,19.0460893,72.9094591
245663894,19.0462973,72.9089703
245663961,19.0466165,72.9141073
245664055,19.0481928,72.9144325
245664114,19.0488394,72.9100462
245664187,19.049908,72.9005559
245664191,19.0499086,72.9003015
245664455,19.0505089,72.900306
245664662,19.0520984,72.9005347
245664764,19.0527529,72.9008717
245664779,19.0529987,72.8804974
245664842,19.0538405,72.8880497
245664865,19.053492,72.8809354
245664866,19.0533102,72.8823963
245664869,19.0539471,72.8893813
245664905,19.0539841,72.8946942
245665060,19.0549396,72.9109894
245665186,19.0548287,72.9005079
245665197,19.0563775,72.8837233
245665275,19.0561448,72.8974389
245665303,19.056642,72.8952415
245665304,19.0565067,72.8958394
245665307,19.0564351,72.8978484
245665344,19.0567284,72.9005503
245665354,19.056904,72.8872739
245665375,19.0572667,72.9038382
245665419,19.0573258,72.9005625
245665475,19.0579183,72.9038418
245665495,19.0579894,72.900576
245665583,19.0573215,72.8869918
245665597,19.0585235,72.9038277
245665637,19.0583939,72.8984173
245665679,19.0587817,72.8858965
245665680,19.0591177,72.9038573
245665702,19.0593098,72.8995596
245665723,19.0591704,72.9006001
245665748,19.0598306,72.8985041
245665776,19.0596332,72.8964358
245665982,19.0606543,72.8984205
245666164,19.06202,72.8834352
245666475,19.0630091,72.9149519
245667692,19.0735183,72.9028377
245668052,19.0759669,72.8800151
245668490,19.0792963,72.9079577
245668515,19.0796532,72.8803239
278919343,19.0390888,72.8948845
278919550,19.0390665,72.8947592
528785879,19.046075,72.9088011
528785934,19.0457367,72.9092659
528785949,19.0457295,72.9090118
529576444,19.0505199,72.9005172
619305731,19.0748371,72.9127401
632299700,19.0455063,72.8932657
632312691,19.0420862,72.8934702
632312696,19.047734,72.8933346
632313012,19.0507622,72.8938663
632313274,19.0533218,72.8898799
1157625205,19.0686422,72.9038561
1232643956,19.0689075,72.8987337
1232644012,19.0685557,72.900476
1232644013,19.0679594,72.8923582
1232644156,19.0679354,72.8971045
1232644197,19.0681221,72.9026691
1232644316,19.0676829,72.8927213
1232644335,19.0667369,72.8949664
1232644362,19.0650845,72.8964352
1232644427,19.0673842,72.9022692
1232644443,19.0677398,72.8985023
1232644505,19.0643742,72.8976319
1232644512,19.063349,72.8983876
1232644519,19.0685331,72.8993155
1232644609,19.0700041,72.8983556
1232644635,19.0677185,72.8947132
1232644648,19.0700538,72.8964595
1232644665,19.0683195,72.8924407
1232644726,19.0658987,72.8954855
1232644762,19.0674623,72.9022101
1232644770,19.0697085,72.8970738
1232644913,19.0700425,72.9037499
1232644920,19.0704553,72.8989883
1232644928,19.0706496,72.8987012
1232644986,19.0642315,72.8977483
1336408320,19.0522593,72.9168874
1336410620,19.0545188,72.914435
1336410623,19.0535348,72.914297
1351234029,19.0612301,72.908286
1351234030,19.0606754,72.9127058
1351234053,19.0633795,72.9025325
1351247410,19.0620317,72.9175698
1351247411,19.0613343,72.9171401
1366008977,19.0650538,72.8807541
1366009007,19.066763,72.8825525
1366009025,19.068241,72.8823152
1366009050,19.0701287,72.8804319
1366009086,19.0746057,72.8838291
1366009129,19.0762088,72.8825456
1366009151,19.0770518,72.8833953
1366027980,19.0761381,72.8816826
1366027983,19.0772722,72.8857407
1366054221,19.0770508,72.8995913
1366794970,19.0553834,72.9111052
1366795076,19.0573668,72.9135601
1366795134,19.0589624,72.9143301
1366857439,19.0554078,72.9105434
1366857555,19.0621254,72.9005919
1366857600,19.0630759,72.8985532
1366857603,19.0647313,72.887957
1366900426,19.0605357,72.9165115
1366900438,19.0619089,72.9031195
1366938229,19.0632504,72.9138851
1366938236,19.0636912,72.9124246
1366938254,19.0652085,72.8992768
1366938264,19.0650846,72.9069519
1366938274,19.0657801,72.9071188
1366938303,19.0671773,72.903277
1366938309,19.0677208,72.903139
1366938348,19.0690797,72.9061928
1366956109,19.0623128,72.9176971
1366956128,19.0633282,72.9173711
1366956140,19.0636203,72.9183507
1366956158,19.0641424,72.9186193
1366956173,19.0647088,72.9189163
1366956178,19.0648702,72.9184943
1366956182,19.0649843,72.9182583
1366956184,19.0650654,72.9181203
1366956189,19.0652355,72.9191901
1366956200,19.0652317,72.9198157
1366956203,19.0654124,72.9187478
1366956223,19.0657272,72.9181405
1366956224,19.0658116,72.9194895
1366956257,19.0659447,72.919063
1366956259,19.0660696,72.9188134
1366956262,19.06611,72.9187328
1366956264,19.0663377,72.9197608
1366956270,19.0666155,72.9199079
1366956271,19.0666075,72.9191064
1366956274,19.0666849,72.9189495
1366956275,19.0669639,72.9190699
1366986942,19.0309798,72.8968473
1366986948,19.0327236,72.8962939
1366986952,19.0330269,72.8978893
1366986955,19.0330281,72.9020942
1366987045,19.0466082,72.9094706
1366987053,19.0473303,72.9160374
1367092731,19.0519732,72.9105928
1367092760,19.0525581,72.9070626
1367092768,19.0527157,72.9071901
1367092773,19.0527541,72.9059484
1367092779,19.0528001,72.9055951
1367092892,19.0553439,72.9078051
1367092904,19.0562772,72.9052936
1367092912,19.0563945,72.9099416
1367092932,19.0571135,72.9043167
1367092933,19.0570998,72.9038496
1367092952,19.0580741,72.8863952
1367092973,19.0593096,72.9068679
1367092986,19.0604161,72.9028
1367092999,19.0605386,72.9041871
1367093009,19.0607002,72.9005783
1367093036,19.0611952,72.9028073
1367093063,19.0614671,72.8911361
1367093072,19.0619919,72.8891577
1367093074,19.0621117,72.8833503
1367093082,19.0624783,72.8922918
1367093086,19.0625799,72.8899703
1367093105,19.063117,72.8930443
1367093112,19.063255,72.8850221
1367093122,19.0634306,72.8905615
1367093147,19.0640469,72.8829626
1367093155,19.0640029,72.8816509
1367093164,19.0641315,72.8815455
1367093170,19.0641696,72.8910922
1367093181,19.0644025,72.8838225
1367093183,19.0643862,72.8945878
1367093218,19.0649327,72.8924794
1367093220,19.0651351,72.8917198
1367093227,19.0652461,72.8913125
1367093348,19.0671013,72.8832485
1367093353,19.066966,72.8829512
1392485609,19.075244,72.8874091
1451876569,19.0784605,72.9105906
1451880130,19.0793666,72.9105473
1451880139,19.0795739,72.9115874
1451880141,19.0782794,72.9111649
1451889981,19.0770075,72.9116938
1451889982,19.0780129,72.9120008
1451889993,19.0770223,72.9111295
1451889994,19.07834,72.9109704
1451898156,19.0789351,72.914291
1451898158,19.0774191,72.9138974
1451898160,19.0785672,72.9146926
1462143098,19.0788686,72.9093051
1473471962,19.0314271,72.8887264
1475178057,19.0459084,72.9088191
1642951748,19.0528192,72.88105
1642951755,19.0529039,72.8813852
1642951800,19.0536044,72.8822871
1642951818,19.0538601,72.8833422
1642951842,19.0544583,72.8816256
1642951846,19.0543383,72.8843552
1642951851,19.0544781,72.8842728
1642951853,19.054801,72.8821421
1642951881,19.058254,72.8896646
1642951891,19.058952,72.8903137
1642951893,19.0590868,72.8901831
1643027254,19.0729898,72.9090519
1643031072,19.0708854,72.8949799
1643031073,19.0742757,72.9031388
1643031078,19.0770226,72.9038366
1643035294,19.0742924,72.9051922
1643035296,19.0751767,72.9051076
1643035300,19.075148,72.9060729
1643035301,19.0753088,72.9034016
1643035303,19.0752744,72.9053072
1643035306,19.077341,72.8992352
1643035308,19.0784873,72.9056893
1643035309,19.0793351,72.9041369
1643035311,19.0797811,72.9010023
1643035312,19.0798814,72.9061121
1643047697,19.0765492,72.9061579
1643047700,19.078152,72.90688
1643047701,19.0783743,72.9040727
1643047703,19.0785556,72.9077085
1643047704,19.0787794,72.9070127
1643047705,19.0790618,72.9087388
1643047706,19.0791503,72.9058597
1643264250,19.0523435,72.8998598
1643264260,19.0526941,72.8999913
1643264273,19.0532817,72.8945148
1643264325,19.0596656,72.9006889
1643264330,19.0597684,72.9003458
1643264345,19.059921,72.9002848
1643264350,19.0600171,72.9003002
1643264361,19.0601819,72.900451
1643351764,19.0513722,72.887881
1643351765,19.0532383,72.8880657
1643351766,19.053378,72.8969517
1643351775,19.0540562,72.8996114
1643351781,19.0541847,72.8981347
1643351789,19.0548554,72.8996136
1643351801,19.0550377,72.9047757
1643351807,19.055301,72.8983363
1643351810,19.0555399,72.9005261
1643351817,19.0555323,72.9010917
1643351824,19.0558475,72.8978543
1643351826,19.0558899,72.9043271
1643351828,19.056014,72.9005357
1643351829,19.0560456,72.8996561
1643351830,19.0561729,72.8980838
1643351839,19.0568577,72.9005529
1643351841,19.0569555,72.89811
1643351843,19.0569761,72.887222
1643351856,19.0598896,72.8966104
1643351862,19.0600898,72.8921418
1643351864,19.0612464,72.8929502
1643351868,19.0636991,72.8971917
1643351870,19.0638507,72.8966448
1647285766,19.0684798,72.882104
1647285772,19.070265,72.8840927
1647285777,19.070944,72.8834626
1647285780,19.0711806,72.8836805
1647285813,19.0762453,72.8830665
1650809508,19.0372549,72.9095199
1651387817,19.0540824,72.8892738
1651404914,19.0461695,72.8998664
1651404921,19.0587804,72.8984818
1651404922,19.0602857,72.8995162
1651414388,19.0525929,72.908103
1651414390,19.0531864,72.9093708
1651414397,19.0548172,72.9094929
1651414398,19.0550478,72.9041162
1651414402,19.0552155,72.9086005
1651414421,19.0559245,72.9101783
1651414424,19.0560004,72.9091288
1651414430,19.0565214,72.908355
1651414431,19.0566904,72.9086954
1651414448,19.0578971,72.9086944
1651414449,19.0579234,72.9086604
1651414450,19.0579419,72.9043388
1651414451,19.0579427,72.9038469
1651414452,19.0579985,72.905158
1651414458,19.0583401,72.9090763
1651414460,19.0585956,72.8997946
1651414471,19.0599206,72.9040099
1651414472,19.0607089,72.8939124
1651414478,19.0619132,72.8978241
1651414481,19.0621954,72.8982197
1651414487,19.0627241,72.8958332
1651421871,19.0532244,72.8999853
1651421877,19.0539122,72.897995
1651421946,19.0586135,72.8987242
1651421957,19.0603073,72.9017589
1651421959,19.0605879,72.8970626
1651421961,19.0606236,72.8985443
1651421963,19.0616529,72.9017485
1654348854,19.0549338,72.8848162
1654348871,19.0580731,72.8829602
1654348885,19.0592241,72.882506
1654348910,19.0607299,72.8844858
1654383155,19.0553338,72.9106739
1654383160,19.0561675,72.9066577
1654383162,19.0562649,72.9078555
1654383165,19.0570802,72.907337
1654383187,19.0586451,72.9121009
1654383197,19.0590035,72.911094
1654383209,19.0590648,72.9120462
1654383213,19.0591023,72.9132422
1654383238,19.0596636,72.9119916
1654383278,19.0604609,72.9104548
1654383282,19.0605933,72.9119202
1665624924,19.0646506,72.9110644
1665625025,19.0687246,72.9042299
1665625040,19.068818,72.904366
1665625106,19.070418,72.9080512
1665625108,19.0702686,72.9076426
1665625137,19.0706255,72.9072376
1665625168,19.0709565,72.9079441
1665625199,19.0712744,72.9084175
1665625258,19.0716428,72.9081405
1665625285,19.0720396,72.9078396
1665625298,19.0722239,72.9079779
1665625322,19.0722957,72.9091216
1665625327,19.0727734,72.9102429
1665625334,19.0730143,72.9108272
1665625343,19.0734532,72.918987
1665625357,19.0743249,72.9054641
1665625359,19.0739716,72.9183013
1665625370,19.0742797,72.916444
1665625383,19.0745487,72.9196007
1665625384,19.07457,72.9151458
1665625386,19.0749281,72.9190977
1665625408,19.0754685,72.9153509
1665625432,19.0766877,72.9167908
1665625434,19.0769493,72.9180145
1665625437,19.0771309,72.9162004
1665625439,19.0774019,72.9174364
1665625440,19.0777746,72.9166829
1665625450,19.0779519,72.9168131
1665625451,19.0781341,72.9161894
1665625452,19.0783959,72.91583
1683617366,19.0680593,72.9027291
1738882048,19.0501745,72.919863
1738882054,19.0496677,72.9197035
1903616901,19.048486,72.9173813
1903627624,19.0511138,72.9183951
1903627628,19.0499144,72.9175434
2143584813,19.0550925,72.9068025
2146269431,19.0715688,72.9050212
2146269442,19.0701291,72.9035547
2146269444,19.0716126,72.9072031
2146269450,19.0721856,72.9021811
2146269452,19.0717056,72.9031061
2146269461,19.0707005,72.9021849
2146269465,19.0725118,72.9037176
2146270424,19.0729103,72.9033706
2146270425,19.0718754,72.9028058
2146270810,19.0720977,72.904292
2146270811,19.0713254,72.9036318
2146273510,19.0700204,72.9010267
2146273512,19.0681456,72.9016993
2146273513,19.0676384,72.9001335
2146273514,19.068792,72.9018696
2146273515,19.0693023,72.9019313
2146273517,19.0683369,72.9005846
2146273519,19.068836,72.9012339
2146273520,19.0698271,72.9026716
2146273790,19.0711314,72.9045406
2146279195,19.0706797,72.9051942
2163935132,19.0709141,72.9014549
2163950391,19.0684617,72.906125
2163950393,19.0673122,72.9045749
2163950400,19.0675919,72.9039124
2163950402,19.0688278,72.905806
2163956171,19.0682206,72.905793
2235206832,19.0677249,72.9071102
2235206835,19.0676334,72.9077065
2235210217,19.0664519,72.9049842
2235210219,19.0670268,72.9052593
2238493937,19.0664736,72.9034822
2238597919,19.0522774,72.9005747
2238597924,19.0525232,72.9007882
2242249982,19.0663809,72.9073093
2242249986,19.0659921,72.9093334
2246471647,19.0599369,72.8850696
2246471649,19.0601797,72.8861026
2246471656,19.0605846,72.8859093
2246471663,19.0609834,72.9051425
2246471666,19.0610206,72.8871793
2246471668,19.06114,72.8859622
2246471679,19.0614787,72.8863847
2246471681,19.0615776,72.907015
2246471684,19.0614346,72.8853039
2246471699,19.0617683,72.8861337
2246471704,19.0618801,72.9070651
2246471719,19.0622097,72.9053463
2246471722,19.0623417,72.9081945
2246471724,19.0623417,72.8868256
2246471728,19.0623588,72.8838912
2246471734,19.0625413,72.8869941
2246471739,19.0625778,72.885792
2246471748,19.0628236,72.89272
2246471753,19.0628759,72.8877355
2246471755,19.0628787,72.8854326
2246471766,19.0628046,72.9073233
2246471769,19.0630462,72.8883398
2246471776,19.0632289,72.8833074
2246471784,19.0632943,72.914547
2246471818,19.0634551,72.8868056
2246471822,19.0634882,72.9022867
2246471824,19.0634616,72.8997922
2246471825,19.0634725,72.8886654
2246471836,19.0635843,72.884206
2246471844,19.0636105,72.9039591
2246471852,19.0637338,72.9043515
2246471854,19.0637373,72.8864744
2246471860,19.0637767,72.8921459
2246471861,19.0637812,72.8908288
2246471863,19.0638981,72.9125562
2246471865,19.0638766,72.901345
2246471910,19.0642381,72.898987
2246471918,19.0643607,72.8893439
2246471931,19.0646291,72.8883394
2246471936,19.0647351,72.9035171
2246471944,19.0646063,72.9167056
2246471947,19.0649141,72.8896916
2246471962,19.0651389,72.8963222
2246471980,19.0653066,72.8906485
2246471991,19.0654272,72.8997275
2246472002,19.0654978,72.8901212
2246472009,19.0655553,72.9035517
2246472016,19.0659296,72.8921016
2246472025,19.0659031,72.8939767
2246472029,19.0659064,72.9035665
2246472068,19.0664189,72.8939376
2246472069,19.0665342,72.8950293
2246472082,19.0667986,72.8872864
2246472089,19.0670128,72.8858603
2246472099,19.0672542,72.8848969
2246472120,19.0675478,72.8835144
2246472123,19.0676584,72.894019
2246472125,19.0675113,72.8939939
2246472138,19.0680903,72.88601
2246472148,19.0682339,72.8858978
2246472154,19.068493,72.8811904
2246472156,19.0685392,72.8852578
2246472163,19.0686908,72.8801262
2246472177,19.0700102,72.8805498
2246472196,19.0704919,72.89568
2246472198,19.0705231,72.8808743
2246472199,19.0708011,72.8974849
2246472218,19.0711783,72.88142
2246472223,19.0712364,72.8989704
2246472238,19.0713944,72.8971209
2246472261,19.0720298,72.8815263
2246472263,19.072165,72.8815241
2246472266,19.0722646,72.8852425
2246472307,19.0726701,72.8845003
2246472316,19.0728851,72.9101422
2246472324,19.073094,72.88489
2246472326,19.0731095,72.9076329
2246472327,19.0732658,72.9088792
2246472346,19.0733612,72.8837131
2246472348,19.0734786,72.8852625
2246472358,19.0737228,72.9082638
2246472362,19.073939,72.8837695
2246472368,19.0741505,72.9077601
2246472376,19.0742842,72.9199515
2246472379,19.0743876,72.9102254
2246472380,19.0744,72.9060935
2246472382,19.0746883,72.9071287
2246472384,19.0747134,72.9019886
2246472385,19.0749412,72.9097067
2246472387,19.0749931,72.9010445
2246472389,19.0750708,72.9198523
2246472391,19.0752806,72.9041802
2246472395,19.075428,72.9184673
2246472397,19.0754304,72.9092484
2246472400,19.0754781,72.8978688
2246472402,19.075478,72.9193679
2246472406,19.0755864,72.9116488
2246472414,19.0758532,72.8881945
2246472416,19.0758312,72.9042688
2246472422,19.0759423,72.8868374
2246472430,19.0759571,72.8980835
2246472442,19.0760924,72.8808534
2246472445,19.0761451,72.9111325
2246472459,19.0763307,72.8984003
2246472463,19.0764491,72.8890033
2246472465,19.07638,72.9068229
2246472471,19.0765334,72.8876225
2246472474,19.0766321,72.8862871
2246472476,19.0766157,72.9121989
2246472478,19.0765854,72.8971011
2246472482,19.0766499,72.9106661
2246472484,19.0766649,72.8986776
2246472488,19.0767627,72.9054681
2246472497,19.0767859,72.8808392
2246472505,19.0769118,72.8896088
2246472507,19.0771249,72.8883957
2246472509,19.0769932,72.8973695
2246472511,19.0770314,72.9103136
2246472515,19.0770255,72.8989676
2246472516,19.0770807,72.9054974
2246472519,19.0771899,72.8870111
2246472521,19.0771277,72.9030901
2246472523,19.0771164,72.8802391
2246472527,19.0771758,72.8978362
2246472529,19.0771759,72.9021272
2246472533,19.0771708,72.9016712
2246472535,19.0771903,72.8812266
2246472537,19.0771727,72.9124919
2246472539,19.077242,72.9105499
2246472547,19.0774518,72.8902902
2246472550,19.0775863,72.889016
2246472552,19.0776558,72.9089375
2246472556,19.0776137,72.9098033
2246472562,19.0777526,72.8877962
2246472568,19.0778138,72.9127589
2246472570,19.0777951,72.9030697
2246472576,19.0777704,72.9013586
2246472580,19.0778996,72.8863712
2246472588,19.0781407,72.8897273
2246472590,19.0780675,72.9075443
2246472600,19.0781858,72.904751
2246472602,19.0782834,72.8899255
2246472604,19.0782582,72.8884435
2246472611,19.0783095,72.9089792
2246472615,19.0784891,72.8871711
2246472617,19.078536,72.9030978
2246472626,19.0785395,72.8802537
2246472628,19.0785335,72.9019961
2246472636,19.0786579,72.9077429
2246472640,19.0788059,72.8891679
2246472644,19.0789421,72.887835
2246472646,19.079157,72.8896242
2246472653,19.0792221,72.9005918
2246472666,19.0794025,72.9031308
2246472670,19.0794353,72.9002376
2246472672,19.0794654,72.9024688
2246472674,19.079499,72.8885558
2246472681,19.0796783,72.8998742
2246472691,19.0799263,72.8995365
2246472876,19.0781744,72.9114735
2246660981,19.0605428,72.8837152
2246660983,19.0612891,72.8810574
2246660987,19.0613625,72.882317
2246660993,19.0616472,72.8827159
2246661000,19.0618508,72.8804495
2246661008,19.0621903,72.8822255
2246661012,19.0623905,72.8808389
2246661016,19.0627099,72.8828361
2246661018,19.062883,72.8804885
2246661020,19.062909,72.8815316
2246661022,19.0635376,72.8820889
2246661024,19.0651122,72.9097839
2246661031,19.0652124,72.9069554
2246661033,19.0687708,72.8818443
2246661036,19.0694741,72.8831891
2246661041,19.070073,72.8826513
2246961187,19.063887,72.8988517
2248799739,19.0310035,72.901176
2248799749,19.0313679,72.9045324
2248799768,19.0315192,72.9012557
2248799774,19.031553,72.903243
2248799793,19.0318947,72.9032054
2248799803,19.0319893,72.9011626
2248799832,19.032369,72.9018245
2248799834,19.0325058,72.9005809
2248799933,19.0351218,72.904161
2248799999,19.0357368,72.9055382
2248800002,19.0358646,72.9055332
2248800044,19.0364564,72.9068975
2248800091,19.0370832,72.9050132
2248800213,19.0398366,72.8945028
2248800256,19.040278,72.8924278
2248800270,19.0403674,72.8918012
2248800508,19.0418989,72.8926682
2248800562,19.0420907,72.8906996
2248800564,19.0421257,72.8925066
2248800587,19.0422393,72.8960486
2248800590,19.0422329,72.8912182
2248800614,19.0423662,72.8960892
2248800680,19.0428241,72.8949618
2248800706,19.0432757,72.8913408
2248800707,19.0432912,72.890824
2248800716,19.043355,72.892014
2248800718,19.0433736,72.8925145
2248800722,19.0434179,72.893378
2248800741,19.0435902,72.9015603
2248800794,19.0439304,72.8965975
2248800804,19.0439995,72.897231
2248800824,19.0441662,72.894218
2248800830,19.0442017,72.8947556
2248800832,19.0442155,72.8913913
2248800844,19.0443415,72.8964162
2248800852,19.0443792,72.8981282
2248800886,19.0446216,72.8906071
2248800893,19.0446439,72.8908987
2248800899,19.044455,72.8924875
2248800904,19.0447537,72.8914019
2248800919,19.0447408,72.89201
2248800961,19.0449252,72.8947098
2248800971,19.0450017,72.8956784
2248800977,19.0450472,72.8962548
2248800982,19.0450697,72.8989886
2248800986,19.0450755,72.8905308
2248800987,19.0450864,72.8969826
2248800994,19.04512,72.8932954
2248800999,19.0451471,72.8914059
2248801048,19.0455045,72.8936765
2248801055,19.0456024,72.8946172
2248801057,19.045608,72.8946718
2248801066,19.0456434,72.9115866
2248801069,19.045706,72.8956138
2248801073,19.0457971,72.8962594
2248801080,19.0458437,72.903417
2248801082,19.0458431,72.9045754
2248801114,19.0459055,72.8973419
2248801148,19.046141,72.8989024
2248801164,19.0462073,72.8932703
2248801178,19.0463478,72.8946407
2248801201,19.0465219,72.8954171
2248801212,19.0466206,72.8961379
2248801223,19.0467913,72.9117418
2248801226,19.0467376,72.9052417
2248801269,19.047347,72.8954323
2248801272,19.0473872,72.8960727
2248801307,19.0479667,72.9114528
2248801314,19.0482464,72.9099046
2248801321,19.0482932,72.8953925
2248801330,19.0483119,72.895952
2248801431,19.0489583,72.9058421
2248801466,19.0491375,72.8880483
2248801492,19.049297,72.8868739
2248801519,19.0492516,72.9101562
2248801593,19.0496325,72.8893287
2248801619,19.0497572,72.8871238
2248801625,19.0497755,72.8917689
2248801660,19.0500696,72.8889886
2248801715,19.0502343,72.8872924
2248801763,19.0505223,72.8901341
2248801767,19.0504812,72.888703
2248801786,19.0506829,72.8850269
2248801826,19.0507403,72.889549
2248801840,19.0507782,72.8876172
2248801851,19.0508337,72.885736
2248801866,19.050943,72.9143493
2248801870,19.0509543,72.8882676
2248801898,19.0512139,72.9105084
2248801913,19.0513159,72.91112
2248801914,19.0513283,72.891083
2248801921,19.051395,72.8886174
2248801923,19.0514276,72.8892921
2248801924,19.0514295,72.8904324
2248801926,19.0514523,72.8898217
2248801928,19.0514644,72.90701
2248801935,19.0515408,72.9079017
2248801950,19.051931,72.8857595
2248801955,19.0518791,72.9121765
2248801960,19.0519047,72.8917598
2248801962,19.0519499,72.9112129
2248801963,19.0519558,72.9111521
2248801986,19.0521212,72.8891661
2248802001,19.0521928,72.9152906
2248802006,19.0522324,72.8912024
2248802050,19.052402,72.8853075
2248802082,19.0525906,72.8907308
2248802128,19.0527805,72.9015782
2248802165,19.0529006,72.895984
2248802188,19.0532443,72.91509
2248802192,19.0531552,72.9113141
2248802193,19.0531668,72.8912757
2248802247,19.0536159,72.8850575
2248802276,19.0539344,72.8890122
2248802282,19.0540461,72.8912384
2248802329,19.0545593,72.9016296
2248802351,19.0548078,72.894864
2248802356,19.0548905,72.8909282
2248802364,19.0549625,72.8892357
2248802401,19.0554392,72.8883092
2248802418,19.0555213,72.8828153
2248802430,19.0556843,72.8903505
2248802442,19.0558786,72.8919589
2248802449,19.0559393,72.8928146
2248802460,19.0561522,72.8822806
2248802467,19.0564185,72.8919195
2248802531,19.0575665,72.8816405
2248802532,19.0576074,72.881747
2248802537,19.0578072,72.8822676
2248802573,19.0587329,72.9192418
2248802581,19.0589197,72.9144244
2248802662,19.0597228,72.9186304
2248802664,19.0598473,72.8810856
2248802688,19.060621,72.8829413
2248802693,19.0607404,72.8807457
2248802695,19.0607778,72.913879
2248802699,19.0608078,72.8935649
2248802701,19.0608918,72.9149657
2248802705,19.060943,72.9153996
2248802708,19.0609702,72.8826405
2248802786,19.0621007,72.9132674
2248802788,19.0620508,72.8918147
2248802798,19.0623285,72.8957625
2264152050,19.0759866,72.9141273
2264152051,19.0759852,72.9139234
2322141826,19.0585824,72.9005881
2439202824,19.0330473,72.9019031
2439202849,19.0338033,72.902681
2439202851,19.0345867,72.9042746
2439202872,19.0455774,72.9092645
2439202936,19.0567121,72.912034
2439202967,19.0634717,72.9146392
2439252012,19.0644504,72.8971696
2439252016,19.0646737,72.8970985
2439252021,19.0646643,72.8966412
2439252024,19.0650681,72.8980214
2439252025,19.0652226,72.8976993
2439252027,19.0659562,72.8955461
2439252028,19.0659836,72.8995643
2439252035,19.0661603,72.8951658
2439273023,19.0684585,72.8923342
2439359832,19.0738162,72.8812507
2622177294,19.0799401,72.8803765
2629741730,19.0490609,72.9059535
2629741731,19.0499161,72.9051189
2629741740,19.0524868,72.8999145
2629741746,19.0533881,72.8973549
2629741747,19.053514,72.8970229
2629741752,19.0541314,72.8947246
2629741753,19.054155,72.8903677
2629741755,19.0541926,72.8909554
2629741757,19.054242,72.891728
2647295298,19.0579191,72.8960075
2715412074,19.0306128,72.8902629
2715412076,19.0308257,72.8909371
2804431000,19.0688255,72.8929308
2804433701,19.0687055,72.8934011
2804433703,19.0685703,72.8933031
2804441140,19.0674194,72.8886221
2804441143,19.0671172,72.8884619
2804441145,19.0675393,72.8889522
2804441150,19.0673455,72.8886976
2804441153,19.0676154,72.8888783
2804443043,19.0676837,72.8892102
2804444332,19.0671832,72.8883997
2804449479,19.067791,72.8887245
2804449481,19.067624,72.888447
2804449483,19.0671277,72.8889249
2804449487,19.0672519,72.8892373
2804449494,19.0677592,72.889156
2804450686,19.0699612,72.8866101
2804450687,19.0700283,72.8866994
2804491972,19.0653159,72.8932941
2804491973,19.06548,72.8933438
2804500706,19.0647795,72.8952923
2804500716,19.0649436,72.895342
2804584123,19.0742913,72.8801552
2804594089,19.0680742,72.8922363
2804594091,19.0678652,72.8903174
2892843883,19.0726603,72.8838953
2892843890,19.0734729,72.8821416
2934429247,19.0660528,72.8951554
2957204347,19.0569122,72.9096389
2957204348,19.0575315,72.9105367
2957204349,19.057231,72.9100397
2966349058,19.0582932,72.9131081
2966349059,19.0582315,72.9131783
2966349066,19.0591832,72.9137657
2966389529,19.0407979,72.9085492
2966389530,19.0408059,72.9087412
2966389856,19.0546737,72.911468
2966389859,19.0553936,72.9113793
2966389863,19.0566792,72.9120849
3105782008,19.0678806,72.9099479
3172125114,19.0788665,72.8977409
3204161922,19.0621349,72.9055464
3204209297,19.0603091,72.9098183
3205769002,19.0607981,72.9172954
3206284093,19.0684876,72.8974335
3212163820,19.059898,72.9140196
3214466795,19.055508,72.8981709
3214466799,19.055557,72.8996387
3214507277,19.0513114,72.9027898
3214507281,19.0503192,72.9022748
3214507282,19.0496549,72.9023767
3215233951,19.0568901,72.8997454
3215337971,19.0685091,72.899851
3215559549,19.0631604,72.9195567
3215559553,19.0634543,72.9188789
3215559573,19.0646535,72.9195233
3245616504,19.0729645,72.9099459
3245670250,19.0789319,72.9040967
3376195596,19.0626186,72.8995422
3463796101,19.0609601,72.8843002
3530882614,19.0599213,72.8820384
3530882615,19.0593991,72.8824912
3530886045,19.0589596,72.8817953
3532034726,19.0568356,72.9079949
3547867171,19.0558086,72.9087422
3547918446,19.0564637,72.9107314
3547918447,19.056414,72.9109342
3592039518,19.0682155,72.8817477
3632415772,19.0490957,72.9189264
3708886018,19.0576778,72.9110383
3736885986,19.0689488,72.8930286
3737129897,19.0595214,72.9164372
3798943881,19.0557004,72.9112769
3878506004,19.0538179,72.9157457
3878506008,19.0541774,72.9152225
3878506016,19.0545071,72.915608
3878559848,19.0446734,72.9183144
3878559854,19.0455763,72.9148986
3878559855,19.0456797,72.9141001
3878560460,19.0457909,72.9115958
3981413807,19.0614696,72.9197737
3981413816,19.0621102,72.9182078
3981413829,19.0627241,72.9166844
4144721095,19.0733139,72.9146679
4144721105,19.0736359,72.914006
4144721114,19.0739806,72.9167747
4144721121,19.0741543,72.9167821
4144721122,19.0742519,72.9144781
4144721128,19.0745814,72.9150595
4144721133,19.0748172,72.9150702
4144721141,19.0754857,72.9163207
4144721142,19.0759816,72.9161818
4144721143,19.0764223,72.9155766
4264430241,19.0615665,72.8850584
4264430257,19.0628712,72.8845338
4264430277,19.0645147,72.8821698
4264430286,19.0646797,72.8825299
4264430400,19.0650904,72.8834763
4264430447,19.0662358,72.8822776
4264598303,19.0540011,72.8945412
4264598304,19.054147,72.8945737
4264598305,19.0548471,72.8947295
4264598306,19.0566662,72.8951344
4264598311,19.0595798,72.8965668
4264598312,19.0604841,72.8972015
4264598321,19.0684216,72.9004288
4264598322,19.0685934,72.9002916
4264598323,19.0700455,72.9009247
4264598325,19.0709681,72.9013295
4264598326,19.072242,72.9020724
4264598329,19.0743142,72.9030515
4264598330,19.0744694,72.9030946
4264598331,19.0753086,72.9033169
4264598335,19.0770409,72.9037344
4292824317,19.0468384,72.8892404
4292858341,19.0349794,72.8955307
4296286846,19.0489691,72.9176352
4296286850,19.0495716,72.918091
4352245961,19.0708019,72.8819088
4352255195,19.0674368,72.8870857
4352255196,19.0667896,72.886806
4357258313,19.032783,72.9071967
4357258344,19.0347318,72.9015873
4357258352,19.0338209,72.9017053
4357258366,19.0401541,72.9049464
4357265370,19.033153,72.896134
4357265381,19.0360105,72.8951954
4357265384,19.0358413,72.894442
4357265401,19.0422933,72.8934264
4357265406,19.0411555,72.8911256
4357265410,19.0415471,72.8952869
4357265417,19.04314,72.8913264
4357265418,19.042912,72.892007
4357265419,19.0427246,72.8912805
4357265420,19.0424486,72.8919998
4357265421,19.044255,72.8920114
4357272770,19.0520165,72.8849761
4357272771,19.052036,72.8847189
4357272773,19.0528077,72.8860647
4357272774,19.0528647,72.8863603
4357272778,19.0525082,72.8880171
4357272779,19.0532734,72.8890651
4357272780,19.0537105,72.8895808
4357272781,19.053976,72.8898169
4357273791,19.0477857,72.887551
4357273794,19.0489526,72.8911397
4357273797,19.0525163,72.8913292
4357273800,19.0521851,72.8940051
4357273807,19.0522252,72.895665
4357273822,19.0577871,72.8982877
4357273824,19.0582908,72.8975605
4357273825,19.0580659,72.8983472
4357273826,19.0579843,72.8975131
4357273827,19.0576757,72.8972023
4357273828,19.0573546,72.8981953
4357273829,19.0573299,72.8972044
4357273830,19.0571131,72.8981437
4357273834,19.0563738,72.8964268
4357273836,19.057586,72.8959679
4357273837,19.0592947,72.8972497
4357273838,19.0589255,72.8971444
4357273839,19.0588937,72.8966882
4357289626,19.0644179,72.9000521
4357289627,19.0639199,72.8997952
4357289628,19.064141,72.9007135
4357289630,19.062796,72.9012126
4357289632,19.0633759,72.9016247
4357289633,19.0636852,72.9018023
4357289634,19.0632261,72.9020184
4357289635,19.0631353,72.9031157
4357289636,19.0625571,72.9029465
4357289641,19.0587091,72.9130629
4357289642,19.0597922,72.9111302
4357289656,19.0589826,72.9097566
4357289660,19.0644158,72.9048264
4357289667,19.0636313,72.9064719
4357289668,19.063216,72.9038555
4357289671,19.0669842,72.9037313
4357289674,19.0651178,72.904813
4357289678,19.0645177,72.8998137
4357289680,19.0639968,72.901058
4357289681,19.0643072,72.9018306
4357289683,19.063735,72.9016833
4357290589,19.0760224,72.9186193
4357290590,19.0755695,72.9182471
4357290591,19.0750199,72.918976
4357290592,19.0746441,72.9194742
4357290593,19.075013,72.9199253
4357290595,19.0754245,72.9194314
4357290596,19.0758331,72.9197666
4357290597,19.0758194,72.918895
4357290598,19.076178,72.9191809
4357290599,19.0783583,72.9170902
4357300474,19.0787657,72.9125575
4357300475,19.0778432,72.9125942
4357300486,19.0730711,72.9091664
4357300487,19.0725281,72.908444
4357300488,19.0728274,72.906548
4357302889,19.0718186,72.905741
4357302890,19.0712552,72.9026933
4357309647,19.0624993,72.8938792
4357309652,19.061332,72.888653
4357309654,19.0604415,72.889866
4357309655,19.0610654,72.8890109
4357309659,19.06103,72.8906419
4357309660,19.0605247,72.8881468
4357309663,19.0612317,72.8887877
4357309664,19.0598717,72.8878709
4357309666,19.0589095,72.8873239
4357309667,19.0598158,72.8862763
4357309669,19.0603067,72.8855997
4357309670,19.061178,72.8849012
4357309677,19.0638345,72.8847543
4357309678,19.0644925,72.8856407
4357358499,19.0709101,72.8805937
4357381437,19.0786575,72.8854447
4357381478,19.0785692,72.8815725
4357416049,19.0763541,72.8836828
4362728148,19.0615923,72.8946409
4362728156,19.0572824,72.8899749
4362728157,19.0576246,72.8910656
4362728160,19.0561044,72.889512
4362728161,19.0545438,72.8889344
4362728164,19.0540397,72.888781
4362754014,19.0483071,72.8949619
4362754015,19.0460324,72.896495
4362754018,19.0458333,72.8968383
4362754034,19.0451747,72.8979038
4362754055,19.0447662,72.8940918
4362754073,19.0381288,72.8949678
4362754076,19.0398844,72.8972775
4366100891,19.0796287,72.9013151
4366129933,19.0593772,72.8881127
4366129934,19.0589313,72.8884069
4366129935,19.0597095,72.8887051
4366129936,19.0593961,72.8889079
4443987680,19.0344516,72.9049687
4445050837,19.0692618,72.896079
4445143770,19.0669971,72.8949152
4445143774,19.0678314,72.896445
4445143775,19.0681947,72.8967369
4462480898,19.0632223,72.9002978
4463696697,19.071005,72.8823522
4465528799,19.065918,72.8994182
4467059918,19.041055,72.8940246
4467059919,19.0411994,72.8944327
4467059925,19.0418634,72.8945327
4519288172,19.0516418,72.8940347
4569925675,19.0470975,72.9096005
4720636605,19.0334686,72.8960221
4972461860,19.0576513,72.8954405
5217918622,19.045657,72.9105085
5242502020,19.0776421,72.8905251
5242502259,19.0733164,72.8858297
5265719451,19.0721326,72.9138967
5265719459,19.0724691,72.9140601
5265726335,19.0726915,72.9158494
5265726342,19.0720845,72.9156492
5265726922,19.0720103,72.9159027
5265726928,19.07225,72.916
5267231816,19.0726974,72.9184762
5330842616,19.0599992,72.9027315
5349392408,19.0672757,72.902194
5354454748,19.0457674,72.9089358
5539183022,19.0306565,72.8912535
5539183028,19.0319363,72.8942636
5792167748,19.0566052,72.8874693
5792168761,19.053126,72.8808458
5838250386,19.0452132,72.916548
5838250403,19.0463753,72.9088042
5838250404,19.0462144,72.9086835
5838250417,19.0539506,72.8949957
5843735650,19.0707033,72.9073765
5865538270,19.0655958,72.8993351
5865538271,19.0656745,72.8994519
5865538272,19.0651283,72.8991625
5911339568,19.0547734,72.9072582
5911339569,19.0539495,72.9101121
5911339572,19.0552011,72.9106959
5911635635,19.0629322,72.9036062
5911636863,19.0643513,72.9052332
5911636868,19.0620189,72.9058511
5911636869,19.0612483,72.9054961
5912237790,19.0578907,72.918356
5912237845,19.0595843,72.9164429
5912283049,19.0615602,72.9198566
5912283058,19.0640902,72.9192178
5912283059,19.0638032,72.9198759
5912283073,19.0628216,72.9179355
5912283074,19.0630391,72.9173733
5912283077,19.0630695,72.9180512
5912283078,19.063388,72.9172388
5913226216,19.0661588,72.9168767
5913226245,19.0610381,72.9168292
5913226246,19.0609198,72.9166116
5913226247,19.0609134,72.9165508
5913226250,19.0607033,72.9138806
5913226251,19.0605357,72.9119275
5913226252,19.0604658,72.911158
5913226254,19.0604192,72.9103778
5913226280,19.0558256,72.9147041
5913226343,19.0561121,72.9149884
5913226347,19.0573929,72.9135068
5913226353,19.0605206,72.9165711
5913226354,19.0595604,72.916488
5913226355,19.0594999,72.9164803
5913226379,19.0629186,72.9112169
5913278402,19.0655707,72.9199936
5913278406,19.0618642,72.9179939
5913464539,19.0709293,72.8993896
5913464570,19.0650337,72.9009554
5913464571,19.0648558,72.9014191
5913464730,19.0631112,72.9108792
5913464731,19.063041,72.9107961
5913464735,19.0606639,72.9125957
5913464739,19.0628396,72.9111513
5913464746,19.0602382,72.9092251
5913464751,19.0583963,72.9089293
5913464758,19.0560102,72.9117275
5926760156,19.0650821,72.8807894
6117377483,19.0738631,72.8812616
6293072354,19.0613901,72.8947876
6293081321,19.0615451,72.893406
6430960763,19.0737686,72.8802672
6430960767,19.0740375,72.880484
6431154248,19.0690849,72.8815017
6431190845,19.0723671,72.8836835
6431316956,19.0654047,72.8936242
6431316960,19.0660752,72.8915969
6431435287,19.0660642,72.9082389
6431435288,19.0650765,72.9077257
6435209454,19.0594473,72.8812864
6435423923,19.0798537,72.8804755
6469480455,19.0756069,72.9151547
6469480456,19.0753533,72.9150045
6469549264,19.0536213,72.8851783
6488201809,19.0545188,72.9005052
6488201811,19.0550573,72.9030897
6488652331,19.0548257,72.9011262
6495534604,19.0670015,72.8916704
6495534616,19.0667343,72.8898588
6495534619,19.066202,72.8910964
6495626249,19.0607227,72.8809025
6497154927,19.0793133,72.880066
6497154928,19.0791837,72.8802945
6567709171,19.0623072,72.8872863
6567709172,19.062044,72.8876159
6567709173,19.0620495,72.8870651
6567709174,19.061747,72.88737
6568869621,19.0744477,72.9031866
6569087155,19.0702378,72.9068478
6569087156,19.0705353,72.9073197
6569087157,19.0706516,72.9074797
6569231063,19.0537424,72.8849571
6569434367,19.0778742,72.9001799
6569434369,19.0770948,72.8997534
6569435666,19.0612224,72.8854319
6569435667,19.0609822,72.8850582
6569435668,19.0608123,72.8847787
6569722819,19.079522,72.8853812
6571795846,19.0592167,72.8901379
6571910349,19.0565528,72.8875106
6571923643,19.0619734,72.8977955
6571926777,19.0601236,72.9075127
6571926778,19.0613239,72.9079425
6572018474,19.0632177,72.9150765
6572171801,19.078565,72.9010248
6572189287,19.0611185,72.8930527
6572192876,19.0794484,72.9025912
6572192881,19.0798096,72.902614
6572192883,19.0797526,72.9029319
6572192884,19.0794224,72.9029126
6573759450,19.052313,72.9004649
6573759451,19.0521277,72.9004566
6573759453,19.0522058,72.9007891
6573831688,19.0525005,72.8922637
6573831692,19.0518482,72.8918682
6573886332,19.0608186,72.892888
6573933915,19.059596,72.8911991
6573933919,19.0601427,72.8921009
6574225213,19.0577113,72.9058268
6575838097,19.0573584,72.8973583
6575917462,19.0713126,72.8852374
6575953820,19.0563523,72.9089077
6575953821,19.0561603,72.9085512
6576059825,19.0648524,72.8993043
6576059826,19.0649493,72.8993721
6576059828,19.0651734,72.8995455
6576059829,19.0651399,72.8994054
6576059830,19.065304,72.8994116
6576079903,19.0560346,72.9052392
6576183451,19.0763089,72.8960225
6576183452,19.0782659,72.8982782
6581097857,19.0799542,72.9175249
6581333716,19.0797032,72.9159889
6581543381,19.0539424,72.9143542
6583122231,19.0796625,72.9168691
6583371982,19.060874,72.9154001
6583578109,19.0631032,72.9144439
6583608246,19.0550574,72.8962545
6583608251,19.0554672,72.8949997
6586019606,19.0546171,72.9111259
6586250294,19.0613762,72.8869132
6586250295,19.0616847,72.8866358
6586250296,19.0619639,72.8863832
6926087400,19.0701223,72.8872825
6926087405,19.0699005,72.8874642
6926087407,19.0704316,72.8876681
6926087426,19.0706435,72.8891709
6926087442,19.0653371,72.8931283
7046060436,19.0794721,72.8876771
7046060439,19.0792646,72.887426
7046060440,19.0788968,72.887763
7130092054,19.0487769,72.9168265
7302297226,19.0496955,72.8880188
7311257186,19.033505,72.9031314
7311257187,19.0338319,72.9037927
7311257188,19.0334897,72.9039887
7311257189,19.0332794,72.9036871
7311257190,19.0336665,72.9034667
7311257211,19.0337185,72.9017519
7311257216,19.0328859,72.9017866
7357622185,19.0454248,72.8962613
7357622187,19.0447048,72.8933171
7357639802,19.0437258,72.8913466
7357639803,19.0437613,72.8920128
7357642061,19.0423092,72.8907242
7357642063,19.0428691,72.8908166
7357642064,19.042812,72.8912879
7357642066,19.0426705,72.8953761
7357642068,19.0422679,72.8966208
7357642069,19.0358484,72.8964635
7357642071,19.0353875,72.896587
7357662459,19.0311775,72.8872332
7357677882,19.0469761,72.8946908
7357709459,19.0537081,72.8863443
7357795957,19.0453145,72.8924006
7358246046,19.0525024,72.8860282
7358289916,19.0488194,72.8965692
7358289917,19.0493124,72.8965241
7358357973,19.0380667,72.8908274
7358363785,19.0382908,72.8908468
7358363790,19.0382905,72.8906899
7358363794,19.0384349,72.8908894
7361631170,19.0370537,72.9048778
7361631175,19.0375532,72.9046807
7361631184,19.0371944,72.9057348
7361655293,19.0370676,72.9061532
7361655300,19.0364807,72.9062229
7361655305,19.0360652,72.9060262
7361655314,19.0355659,72.9054768
7361655318,19.0391734,72.905716
7361665362,19.0367076,72.9069029
7361756177,19.0460153,72.8978014
7361756178,19.0482197,72.9035461
7361765506,19.0450447,72.9055145
7361765507,19.0502685,72.9045241
7361765511,19.0450648,72.9046367
7361765512,19.0471384,72.9053684
7361765515,19.0514474,72.9054694
7361765517,19.0505011,72.9016054
7362076292,19.0459288,72.8978154
7362076297,19.0460777,72.8998703
7362076301,19.0460442,72.8989131
7362076305,19.0460205,72.9006552
7362076308,19.0457184,72.9034072
7362076310,19.0456966,72.9045864
7362076314,19.0459635,72.897719
7362706657,19.0388514,72.9071577
7362706663,19.0385408,72.9069364
7362706678,19.0384279,72.9058085
7370608108,19.0654204,72.9171622
7370608109,19.0656173,72.9158323
7370608110,19.0654791,72.9167829
7370608113,19.0645884,72.9168056
7370608114,19.0631757,72.91687
7370608133,19.0617853,72.9169415
7370608134,19.0619299,72.9170143
7370608135,19.0615614,72.916241
7370608136,19.0613016,72.916823
7370608137,19.0614171,72.9165491
7370608138,19.0615615,72.9166306
7370608139,19.0617114,72.9167145
7370608140,19.0618602,72.9167954
7370608141,19.0620766,72.916752
7370608142,19.0617382,72.917406
7370608143,19.0620228,72.9164784
7370608144,19.0615953,72.917312
7370608145,19.0618732,72.9164046
7370608146,19.0614575,72.9172234
7370608147,19.0617934,72.9162195
7370608150,19.0570829,72.9076987
7370608151,19.056948,72.9074407
7370608152,19.0572783,72.9075667
7370608157,19.0567433,72.9075533
7370608171,19.0606095,72.8999519
7370608172,19.0605891,72.9005834
7370608177,19.0623002,72.9022731
7370996402,19.0729185,72.9165266
7370996409,19.0744014,72.9180488
7370996411,19.0728683,72.9176002
7370996414,19.0748108,72.9176679
7370996419,19.0728925,72.9174889
7370996421,19.0753537,72.9166232
7370996423,19.0762429,72.9173606
7370996426,19.0755594,72.9167747
7370996427,19.0604041,72.9179978
7370996436,19.0613657,72.9192107
7371470902,19.0757006,72.9199451
7371470903,19.0752886,72.9195924
7371470908,19.0741059,72.9177129
7371511087,19.0647681,72.9155996
7371619367,19.0727969,72.9167429
7371619368,19.0719095,72.9163416
7371619373,19.0750871,72.9170135
7371619374,19.0742024,72.9170966
7371619382,19.0733532,72.9158708
7371619383,19.0721237,72.9155302
7371765610,19.0599732,72.910029
7371765612,19.0598806,72.9111354
7371765613,19.060629,72.9129886
7371765617,19.0606783,72.9135802
7371765641,19.0736599,72.9141971
7371765642,19.0725319,72.9138029
7373933037,19.0720097,72.9144868
7373967511,19.0649876,72.9011884
7373967512,19.0650852,72.9006332
7378897021,19.0781848,72.9009712
7379602410,19.0798187,72.9172177
7379602411,19.0797287,72.9173416
7379608693,19.0593177,72.8836816
7379608698,19.0602563,72.8837863
7379608701,19.055847,72.8857696
7379608705,19.0578861,72.8865503
7379608706,19.0564913,72.8844276
7379636283,19.0779662,72.9016313
7379722817,19.0748448,72.9015515
7379899409,19.0564709,72.8950934
7379899410,19.0555075,72.8939392
7379899412,19.0565842,72.8939716
7379899432,19.0696293,72.8803053
7379899433,19.0683217,72.8815232
7379899439,19.0739304,72.8965285
7379899440,19.0743701,72.8964803
7379899441,19.0740834,72.8967591
7380517054,19.0693744,72.8961587
7380517077,19.0618597,72.8847278
7380517080,19.0625372,72.8841303
7380517081,19.0615416,72.8838235
7380521288,19.0610782,72.8842034
7383907143,19.0695082,72.880784
7383907163,19.0565477,72.8839
7383907165,19.0562562,72.8835186
7383907173,19.0672435,72.8827406
7383907175,19.0671813,72.8827111
7384021676,19.0675794,72.8939513
7384021677,19.0675966,72.8941177
7401192405,19.0775419,72.8829971
7401192412,19.0773734,72.8857244
7813517490,19.0643815,72.9193785
7813517505,19.0684451,72.8993066
7816158000,19.0685465,72.8993467
7816158004,19.0684555,72.899416
8507768263,19.070861,72.9071448
8507768265,19.0709529,72.9073312
8692705065,19.0678994,72.8958838
8693180277,19.0618038,72.8915276
8693180279,19.062394,72.889424
8695511320,19.0323494,72.8964027
8695511321,19.0322494,72.8955342
8695632893,19.0542195,72.9079884
8695632895,19.0545583,72.9064674
8696272782,19.0539414,72.9128038
8696272783,19.0525843,72.9125704
8701016828,19.0719917,72.883078
8703487829,19.0751604,72.905445
8703487830,19.0749367,72.9052545
8703487842,19.0750727,72.9054509
8704691468,19.0356042,72.9059564
8709114573,19.048027,72.9143999
8711343065,19.0523106,72.8904594
8711707695,19.0642814,72.8949613
8909137831,19.0559603,72.8860948
8909137832,19.055711,72.8863152
8909137845,19.0534944,72.8819876
8973761596,19.0626758,72.9142344
8973771543,19.0628251,72.9154556
8976481323,19.0796065,72.9169426
8976481324,19.0783571,72.9158832
8976481325,19.0781831,72.9161221
9167615447,19.0692262,72.9019908
9167615448,19.0690716,72.9017999
9167615449,19.0696979,72.9024893
9167615450,19.0695126,72.9026444
9167615485,19.0746105,72.9179656
9171414713,19.0784937,72.9004668
9171437932,19.0723596,72.8808939
9179231581,19.0530533,72.8978545
9179231582,19.0623863,72.8861037
9198720962,19.0480564,72.891534
9267777726,19.0618257,72.9180861
9311818784,19.0461106,72.9007824
9311818789,19.0591717,72.9005259
9311818790,19.0585836,72.9005139
9311818791,19.0579907,72.9005018
9311818792,19.0573272,72.9004882
9311818793,19.0568591,72.9004787
9311818794,19.0567297,72.9004761
9311818795,19.0560154,72.9004615
9311818796,19.0555413,72.9004518
9311818800,19.0596792,72.9004558
9311818809,19.0536308,72.9000179
9311818811,19.0539341,72.9003416
9311818812,19.0539332,72.9005776
9679086525,19.0605251,72.9111655
9679154866,19.0551554,72.911285
9679154869,19.0519676,72.9107743
9679154870,19.0512722,72.910752
9679154873,19.0488066,72.9102388
9679154874,19.0482094,72.910095
9679154877,19.0463509,72.9095462
9679154878,19.0459065,72.9097963
9714053525,19.0305455,72.9053831
9787130731,19.0580649,72.896904
9857764833,19.0609082,72.8932787
9860341831,19.0607079,72.913922
9860341832,19.0607811,72.9139213
9860341840,19.0634782,72.9121744
9860341841,19.0637598,72.9119193
9860341846,19.0640208,72.9118334
9871528901,19.0788773,72.9153023
9874154272,19.0333074,72.9000569
9874154277,19.0325206,72.9000434
9874154278,19.0325116,72.9004387
9874154279,19.0330819,72.9004622
9874154281,19.0330057,72.9008276
9898838390,19.0530038,72.9038933
9901340408,19.0380513,72.9047612
9931893591,19.0785715,72.9102258
9941769656,19.0550628,72.9064507
9942486328,19.0462538,72.9093458
9944333562,19.0528165,72.9142671
9969410602,19.0510218,72.9131937
9969739085,19.0516532,72.9156467
10039204801,19.0540912,72.9122489
10039204803,19.0529724,72.91204
10061003741,19.0619583,72.8979916
10115633159,19.0735336,72.8811665
10116201901,19.0544392,72.9117437
10116201902,19.0546285,72.9114282
10116201906,19.0550439,72.9110166
10116201907,19.0549021,72.9112128
10116201908,19.0548052,72.9111813
10151560370,19.0606862,72.900647
10151560371,19.0620934,72.9006787
10199117049,19.0747267,72.8852728
10207331619,19.0734335,72.8853167
10207331620,19.0730429,72.8849495
10207331621,19.0726067,72.8845629
10207346702,19.0508334,72.89388
10207346705,19.0519041,72.8919092
10207346706,19.0522681,72.8912538
10207346707,19.0526286,72.8907607
10207346709,19.0537697,72.8896423
10207346710,19.0539557,72.8894926
10207346711,19.0540892,72.8893941
10207346714,19.0554987,72.8884446
10207346716,19.0566977,72.8875752
10207397917,19.056974,72.887368
10207397918,19.0570328,72.8873221
10207397919,19.0573852,72.8870832
10207397921,19.0581541,72.8864708
10207397924,19.0600126,72.8851781
10207397926,19.0611768,72.8843361
10207397927,19.0616187,72.883923
10207397928,19.0620704,72.8835057
10207397929,19.0641744,72.88161
10207397934,19.0608133,72.8845983
10213559501,19.0513923,72.9085894
10213559502,19.0517221,72.9086775
10216570896,19.0624919,72.8950226
10216582330,19.0372072,72.906179
10244259982,19.0309772,72.8969707
10244259985,19.0327728,72.8964835
10244259986,19.0332256,72.8963305
10244259987,19.0335138,72.8962209
10244259989,19.0349081,72.8957401
10244259991,19.0359639,72.8953682
10244259997,19.0427188,72.8935777
10244260000,19.0447289,72.8934542
10244260001,19.0451729,72.8934258
10244260002,19.0455057,72.893405
10244260003,19.0462266,72.8934006
10244260004,19.0477319,72.8934908
10244426315,19.0338402,72.8987854
10255078964,19.0468726,72.9095429
10264297672,19.0640123,72.8817565
10264297673,19.0639542,72.8816875
10264297674,19.0628288,72.8805302
10264297683,19.0607733,72.8809008
10264297687,19.062194,72.8832849
10264297688,19.0622344,72.8833636
10264297689,19.0621639,72.8834273
10264297691,19.0640596,72.8817138
10264297692,19.0608056,72.8807635
10264297693,19.0617052,72.8826634
10264297694,19.0614191,72.8822738
10266893879,19.0542337,72.9042459
10266957921,19.0639542,72.9035571
10266957922,19.0507907,72.8939757
10266957923,19.0507273,72.8939646
10267389225,19.0674416,72.890947
10267389228,19.0675502,72.8917466
10279730299,19.0793427,72.9040229
10279742510,19.0783974,72.9039409
10279742511,19.0787627,72.9039726
10279742512,19.0787539,72.904089
10279761586,19.0532946,72.9142035
10279761587,19.0532852,72.9143136
10279771616,19.0739862,72.9030377
10279771620,19.0742767,72.9035791
10279771621,19.0674965,72.8998796
10279771622,19.0674527,72.9000679
10279771641,19.0586924,72.8859595
10279771648,19.0564743,72.8839591
10279771650,19.0562104,72.8839185
10279771653,19.057099,72.8845885
10279771654,19.0570456,72.8846627
10279771659,19.0565563,72.8901903
10279771661,19.056489,72.8901226
10279771663,19.0564553,72.890143
10279771668,19.0565241,72.8901276
10279771671,19.0564525,72.8902141
10279771678,19.0582007,72.8895949
10279771679,19.0572545,72.8899035
10279771680,19.0566401,72.8876202
10279809011,19.0540205,72.8940883
10279809014,19.0537093,72.8944766
10279809015,19.055862,72.8976277
10279809016,19.0551157,72.8985697
10279809021,19.0549422,72.8989398
10279809028,19.0525858,72.8996224
10279809043,19.0534165,72.9142765
10279809048,19.0482093,72.9143168
10279809054,19.0509558,72.9142336
10279809058,19.0528192,72.9141551
10279835718,19.0458995,72.9085239
10279835719,19.0457646,72.9087111
10279835722,19.0452633,72.9089822
10279835725,19.0419955,72.8911863
10279835726,19.0421168,72.8936444
10279835727,19.0409904,72.8938776
10279857150,19.0351545,72.8954737
10279857151,19.0352076,72.8956501
10279857152,19.0347817,72.895595
10279857153,19.034835,72.8957678
10279857154,19.0345223,72.8956794
10279857155,19.0345774,72.89586
10279857156,19.0340656,72.8958279
10279857157,19.0341224,72.8960144
10279857158,19.0337302,72.895937
10279857159,19.0337909,72.8961269
10279857160,19.0333396,72.896064
10279857161,19.0334003,72.8962641
10279857162,19.0323674,72.8965902
10281959313,19.0751001,72.9060105
10281959314,19.0751897,72.9060028
10282074751,19.0721537,72.9089083
10282074752,19.0722544,72.9092984
10305066388,19.0718084,72.8827421
10305066394,19.0719231,72.8824442
10305066395,19.0721177,72.8824702
10305066396,19.0715544,72.8829286
10305066397,19.0720138,72.882956
10305066398,19.0715868,72.8828294
10305066401,19.0719147,72.8827582
10305109779,19.0583228,72.8935227
10305109783,19.0566713,72.8933592
10306082438,19.0601664,72.9007554
10306082453,19.0597538,72.8985082
10316609528,19.0339791,72.9010494
10316609532,19.0340663,72.9000605
10548119185,19.0434323,72.8964079
10548119186,19.0433982,72.8960955
10548601342,19.0666663,72.8878064
10570377722,19.0582757,72.892672
10576415159,19.0310388,72.8881255
10578626163,19.0655139,72.8997078
10653480112,19.0743802,72.9030698
10653480113,19.0743567,72.9031613
10653480115,19.0744241,72.9052049
10653480118,19.0747563,72.9070699
10653480123,19.0786217,72.9101092
10654532849,19.0798216,72.8839474
10654532850,19.0798479,72.8836018
10657158657,19.074851,72.8858927
10666025038,19.0579943,72.8896622
10666025039,19.0580468,72.8897308
10666025044,19.0583264,72.8902909
10685694413,19.0515247,72.8972772
10747444369,19.068122,72.8885064
10750563816,19.0657901,72.8996234
10750564862,19.0588664,72.885972
10750564863,19.0587707,72.8860273
10770722930,19.0797211,72.8802079
10809175117,19.0697383,72.9052842
10809175121,19.0671579,72.9019997
10809175122,19.0670734,72.9020857
10820417298,19.0706303,72.9070676
10820417302,19.0699286,72.9063113
10820417303,19.0701985,72.9066787
10824774388,19.0631618,72.9149102
10882783547,19.060966,72.9165497
10882783548,19.0609763,72.9166119
10882788615,19.0619414,72.883499
10882788616,19.0619997,72.883571
10882788617,19.0624734,72.8841866
10882788618,19.0627894,72.8845667
10882788619,19.0632234,72.8851144
10882788623,19.0622829,72.883939
10886219520,19.06022,72.8994947
10907601405,19.048907,72.8934851
10920966793,19.0396202,72.9097384
10921015132,19.0313292,72.9032649
10923636678,19.0794521,72.8803115
10923992388,19.0632249,72.8931755
10923992389,19.0611652,72.8866457
10923992390,19.0608363,72.8862285
10923992391,19.0604841,72.8865255
10923998810,19.0605391,72.9189593
10923998813,19.0603019,72.919698
10925545134,19.0620435,72.9132033
10925681294,19.0457606,72.908395
10925681302,19.0449293,72.9085158
10925688190,19.0775225,72.8822282
10927905264,19.0560737,72.9115065
10927957037,19.0501015,72.910384
10928692896,19.0789271,72.8998555
10928800782,19.0752244,72.9000344
10928800784,19.077031,72.9010216
10928949496,19.0531105,72.892092
10936374463,19.0773732,72.8984515
10936416197,19.078694,72.9002147
10938932168,19.0339426,72.8958679
10938932169,19.0332671,72.8951323
10938932170,19.032834,72.9020214
10938970235,19.0483624,72.9179522
10938970238,19.0487805,72.9182005
10939514685,19.0530289,72.8944363
10939514688,19.0526369,72.8952845
10939533603,19.0465922,72.8890249
10939548717,19.0716171,72.8842355
10939569282,19.0447359,72.8922426
10939573534,19.0556349,72.8935861
10939573535,19.0552514,72.8948201
10939580922,19.0696545,72.883693
10939580924,19.0700226,72.8838157
10939666075,19.0306726,72.8886423
10939673573,19.0537316,72.8946297
10941851004,19.0439864,72.8938765
10941880419,19.0497257,72.8917614
10943762097,19.0528212,72.914075
10945862259,19.0674145,72.8891542
11021500840,19.0500629,72.9064753
11021500842,19.0493407,72.9077809
11021619024,19.0514211,72.9084681
11021650358,19.0482265,72.9093086
11021650361,19.0472069,72.9089425
11029792632,19.0715835,72.8999437
11029792637,19.0713418,72.899739
11029864299,19.0697485,72.9015536
11029864300,19.0699436,72.9018462
11029904655,19.0695181,72.9022357
11029904656,19.0691851,72.9025309
11033717238,19.0377884,72.9068141
11033717961,19.0366097,72.9066095
11033739702,19.0386007,72.9063869
11037100377,19.0709603,72.8804144
11037100378,19.0711197,72.8804719
11037100379,19.0710843,72.8804592
11037100380,19.0711466,72.8802442
11037100381,19.071019,72.8802046
11037100382,19.0711728,72.88016
11038640722,19.0640003,72.8909598
11038649369,19.0661566,72.8940143
11038649371,19.06637,72.8923228
11039253003,19.0765707,72.9089938
11039324606,19.0766459,72.9084758
11039504911,19.0633423,72.9103569
11039504914,19.063786,72.910453
11042148860,19.0719345,72.8836824
11042242326,19.0579678,72.9099203
11043282242,19.0667163,72.8974039
11043294513,19.0686574,72.9024653
11045723145,19.076301,72.8835126
11045723146,19.0756302,72.8835935
11045733888,19.0759123,72.8841005
11045733895,19.0745355,72.8836485
11050911649,19.0518372,72.9079221
11052039298,19.0556481,72.9084186
11052072835,19.0544694,72.9129701
11052078074,19.0543802,72.9132853
11052078077,19.0550227,72.9132618
11052081278,19.0550712,72.9145235
11052081282,19.0552418,72.91396
11052130893,19.0579754,72.8955675
11052455185,19.0392814,72.8931142
11052455186,19.0397877,72.8931621
11052805071,19.0550315,72.9049356
11054142496,19.0490482,72.9197444
11054192419,19.0490825,72.9190982
11054406698,19.0755248,72.8824104
11054406699,19.0755911,72.8833527
11054434362,19.0771939,72.8830589
11054434368,19.0772544,72.8827647
11054465485,19.077332,72.8819411
11054465489,19.0776378,72.881754
11054515158,19.0726448,72.8801295
11054554796,19.0764246,72.8973524
11054614614,19.0743833,72.9040153
11054622625,19.0754434,72.8973618
11057888461,19.07941,72.9041388
11057888462,19.0792145,72.9047528
11057914757,19.0470673,72.8961081
11057914761,19.0470486,72.8966685
11057926918,19.0779705,72.9055967
11057952678,19.0449945,72.9003741
11057952682,19.0449409,72.9010561
11057968213,19.0489053,72.8934636
11057975856,19.0797565,72.8870067
11057975857,19.0795993,72.8854766
11057975858,19.0787768,72.8856253
11057975859,19.0791083,72.8854057
11057975861,19.0792281,72.8855662
11057984113,19.0456646,72.9006098
11057984114,19.0456713,72.9013322
11061025677,19.065436,72.916995
11061025680,19.0662492,72.9172739
11061050455,19.0598515,72.8874048
11061050456,19.0596637,72.8877227
11061112722,19.0798947,72.8805069
11061112724,19.0798467,72.8809266
11064166077,19.067266,72.890227
11064166079,19.0674065,72.8893417
11064284793,19.0533504,72.8908583
11064314665,19.0540192,72.8939465
11064314666,19.0533923,72.8938689
11064895804,19.0661071,72.903143
11066146235,19.0510696,72.9184585
11066146237,19.0519293,72.918866
11066699142,19.047087,72.8877454
11066699144,19.0476982,72.8874743
11068677534,19.0654612,72.8959673
11068677536,19.0654334,72.8947886
11071146293,19.0657238,72.8914242
11072763921,19.0421687,72.8953145
11124607401,19.0577131,72.8989091
11133379607,19.0309197,72.8969742
11135766726,19.0456212,72.9033934
11136120782,19.0793638,72.9146704
11136160958,19.0760617,72.8971111
11143613408,19.0549907,72.8848869
11143613410,19.056373,72.883808
11143613411,19.0564487,72.8837626
11143613412,19.0566541,72.8836394
11143613413,19.0566223,72.8835893
11143613414,19.0580886,72.883016
11143613415,19.05605,72.8840345
11149490184,19.0593133,72.8824656
11155527394,19.0637366,72.9099915
11155555011,19.0636765,72.9062454
11155555013,19.063142,72.9069098
11182441556,19.0437762,72.9107561
11189973294,19.0710771,72.8854718
11190020704,19.0550351,72.9057881
11190067192,19.0510742,72.9118274
11192770145,19.0439779,72.9047769
11222162587,19.0627855,72.9024557
11235241354,19.0614013,72.8885398
11242732405,19.0528859,72.8852569
11242732406,19.0528959,72.885627
11242782946,19.0530125,72.88635
11242782947,19.0529766,72.8859367
11242789980,19.0530037,72.8903248
11242789981,19.0533066,72.8903873
11242800174,19.053509,72.8830058
11242800177,19.0528509,72.8830867
11242904336,19.05165,72.8847242
11242926537,19.0516425,72.8849836
11242941159,19.0530927,72.8863483
11242941164,19.0529946,72.8869984
11242941359,19.0531488,72.8886294
11242971649,19.0529488,72.8890936
11242971650,19.0529166,72.8886423
11243128510,19.0513916,72.8926981
11243128511,19.0509012,72.8923275
11243128518,19.050198,72.892981
11250407992,19.0452013,72.8922031
11252156300,19.0735059,72.9114853
11252156304,19.0728667,72.9128964
11252250805,19.0502278,72.91703
11274067553,19.0470422,72.9098001
11276652472,19.0483248,72.9185174
11283268387,19.0634735,72.916372
11292989707,19.0507823,72.8850213
11335192190,19.0768789,72.9133581
11335211558,19.0678925,72.910577
11337271584,19.0644983,72.904428
11375281418,19.0629502,72.9008814
11416892189,19.0606063,72.9127158
11416892190,19.0605963,72.912602
11603190365,19.0751458,72.8874989
11827339618,19.0392104,72.8948519
11827339619,19.0391828,72.8947298
11912106268,19.0511304,72.902377
11929993564,19.0674929,72.9018729
11929993565,19.0673392,72.9019918
11975764274,19.0777893,72.8961325
12068018711,19.0767717,72.8802068
12068018712,19.0767819,72.8806485
12071272954,19.0327055,72.9000466
12088834960,19.063481,72.9188197
12088834962,19.0621355,72.9181441
12088834965,19.0641147,72.9191647
12088834966,19.0652562,72.9197626
12088863672,19.065596,72.9199378
12120570026,19.0794869,72.8820424
12157136280,19.0512077,72.9018418
12157136281,19.0515847,72.9019951
12157136282,19.0513236,72.9018808
12295858287,19.0468319,72.8932703
12295858288,19.0468243,72.8933988
12311206312,19.0419849,72.8934906
12311206317,19.0412968,72.8931068
12311836735,19.0518095,72.8916384
12320207931,19.0513416,72.9054596
12320207936,19.0513331,72.9055124
12330335877,19.0327723,72.9011707
12330461932,19.0633132,72.883542
12334312402,19.0793892,72.9104731
12353418397,19.0721559,72.8958957
12353418398,19.0721188,72.8959507
12353472090,19.0692125,72.8961834
12353523816,19.0691058,72.895959
12353523819,19.0692124,72.8961402
12353524312,19.0727524,72.8963321
12353524314,19.0727245,72.8963745
12364540586,19.0730763,72.9106587
12378540778,19.0492035,72.9056021
12378540782,19.0491264,72.905564
12378563177,19.049032,72.90577
12378563182,19.0490017,72.905758
12378584818,19.053061,72.8943293
12378615927,19.0509254,72.9054209
12378615929,19.050915,72.9054727
12382320289,19.04768,72.893488
12382320291,19.0476853,72.8933311
12384043771,19.0458442,72.9061705
12384043777,19.0459779,72.9061932
12384046732,19.0459365,72.9023828
12384046733,19.0458085,72.9023608
12393340592,19.0781583,72.8834902
12393340593,19.0779727,72.883707
12393340594,19.0783846,72.8836976
12393340595,19.0781207,72.8836068
12393340596,19.0783274,72.8837338
12393340597,19.078082,72.8836957
12395437956,19.0492135,72.9187196
12395437958,19.0491563,72.9186838
12395700124,19.0609448,72.9166743
12395700125,19.0609946,72.9166617
12395700127,19.061806,72.917962
12395746332,19.0619722,72.9177205
12395746333,19.0622507,72.9178536
12430192234,19.0729458,72.8842102
12430193495,19.0737058,72.8824022
12430193496,19.0736186,72.8823961
12432746177,19.0530577,72.9069583
12432759563,19.0328616,72.9030919
12432762467,19.0328616,72.9042591
12432770460,19.0319121,72.9044064
12432789115,19.031912,72.9040007
12432789116,19.0321663,72.9039897
12432789117,19.0315295,72.9040093
12448362114,19.0650324,72.8992076
12448362119,19.0648979,72.8993323
12455579945,19.0664121,72.8896147
12523105530,19.0461186,72.9006665
12560606618,19.0744904,72.906051
12635078803,19.0776524,72.9097461
12637993103,19.0589704,72.914478
12637993104,19.0593074,72.9135791
12637993105,19.0590091,72.914383
12638251209,19.0467274,72.8891433
12638251212,19.0458033,72.8913581
12697993395,19.0593172,72.9135542
12697993400,19.0607266,72.9140886
12697997201,19.0607997,72.9140964
12697997207,19.0630827,72.9145704
12761713664,19.0796066,72.8810002
12777714547,19.0689958,72.8929583
12777784532,19.0684531,72.9002389
12794348742,19.0755962,72.9135402
12794348743,19.0758518,72.9135908
12812047610,19.0738444,72.8803274
12812047612,19.0736147,72.8810337
12836695797,19.0538556,72.8867535
12882834605,19.0630323,72.9148318
12882834614,19.0608168,72.9142577
12882834615,19.0607446,72.9142484
12882834622,19.0592485,72.9137907
12888382213,19.0309175,72.8968511
12888608854,19.0715725,72.8855291
12888608855,19.0687189,72.8818072
12905592102,19.0652603,72.8993499
12951470684,19.0678184,72.8984168
12951470685,19.0678335,72.8985634
12951494701,19.0677513,72.8985356
13014758856,19.0685879,72.9054384
13014758862,19.0684891,72.905287
13031507246,19.0461864,72.9094189
13055928897,19.0626203,72.8949164
13057621882,19.0327677,72.8984222
13077645668,19.0458883,72.908154
13077645669,19.0462361,72.9082069
13103368075,19.0457288,72.9092387
